time,jet_lat
1980-01-01,28.5
1980-01-11,31.5
1980-01-21,29.5
1980-01-31,34.5
1980-02-10,31.0
1980-02-20,33.5
1980-03-01,44.5
1980-03-11,40.5
1980-03-21,44.5
1980-03-31,41.5
1980-04-10,41.0
1980-04-20,41.5
1980-04-30,40.0
1980-05-10,43.0
1980-05-20,43.0
1980-05-30,43.0
1980-06-09,42.0
1980-06-19,52.5
1980-06-29,53.5
1980-07-09,33.0
1980-07-19,43.5
1980-07-29,51.5
1980-08-08,50.5
1980-08-18,70.0
1980-08-28,70.0
1980-09-07,45.0
1980-09-17,46.5
1980-09-27,44.5
1980-10-07,45.0
1980-10-17,40.0
1980-10-27,38.0
1980-11-06,43.0
1980-11-16,43.0
1980-11-26,33.5
1980-12-06,33.5
1980-12-16,32.0
1980-12-26,32.5
1981-01-05,32.5
1981-01-15,32.0
1981-01-25,37.0
1981-02-04,31.5
1981-02-14,38.5
1981-02-24,38.0
1981-03-06,39.0
1981-03-16,37.5
1981-03-26,42.5
1981-04-05,41.5
1981-04-15,39.5
1981-04-25,47.0
1981-05-05,37.0
1981-05-15,38.5
1981-05-25,38.0
1981-06-04,41.5
1981-06-14,38.0
1981-06-24,44.0
1981-07-04,43.0
1981-07-14,45.5
1981-07-24,48.0
1981-08-03,48.0
1981-08-13,48.0
1981-08-23,43.0
1981-09-02,44.5
1981-09-12,45.0
1981-09-22,38.0
1981-10-02,42.5
1981-10-12,44.0
1981-10-22,47.0
1981-11-01,41.0
1981-11-11,39.5
1981-11-21,43.0
1981-12-01,38.5
1981-12-11,36.0
1981-12-21,48.0
1981-12-31,33.0
1982-01-10,44.0
1982-01-20,41.5
1982-01-30,30.0
1982-02-09,29.0
1982-02-19,37.0
1982-03-01,33.5
1982-03-11,42.5
1982-03-21,48.5
1982-03-31,43.0
1982-04-10,50.5
1982-04-20,45.5
1982-04-30,40.5
1982-05-10,42.5
1982-05-20,40.5
1982-05-30,53.0
1982-06-09,45.0
1982-06-19,37.0
1982-06-29,45.5
1982-07-09,47.5
1982-07-19,70.0
1982-07-29,46.5
1982-08-08,48.0
1982-08-18,45.5
1982-08-28,51.0
1982-09-07,44.5
1982-09-17,45.0
1982-09-27,45.0
1982-10-07,46.0
1982-10-17,63.5
1982-10-27,48.0
1982-11-06,47.5
1982-11-16,36.5
1982-11-26,39.5
1982-12-06,38.5
1982-12-16,38.5
1982-12-26,31.0
1983-01-05,40.0
1983-01-15,33.0
1983-01-25,35.0
1983-02-04,33.5
1983-02-14,33.0
1983-02-24,32.0
1983-03-06,31.0
1983-03-16,35.0
1983-03-26,34.5
1983-04-05,46.0
1983-04-15,47.5
1983-04-25,45.0
1983-05-05,41.5
1983-05-15,43.0
1983-05-25,39.5
1983-06-04,38.5
1983-06-14,40.0
1983-06-24,39.5
1983-07-04,43.0
1983-07-14,45.5
1983-07-24,42.0
1983-08-03,49.5
1983-08-13,52.0
1983-08-23,45.5
1983-09-02,70.0
1983-09-12,70.0
1983-09-22,41.0
1983-10-02,51.5
1983-10-12,44.0
1983-10-22,41.5
1983-11-01,45.5
1983-11-11,38.0
1983-11-21,38.0
1983-12-01,36.5
1983-12-11,38.5
1983-12-21,30.0
1983-12-31,31.5
1984-01-10,31.0
1984-01-20,34.0
1984-01-30,31.5
1984-02-09,38.0
1984-02-19,38.5
1984-02-29,32.5
1984-03-10,36.0
1984-03-20,38.5
1984-03-30,39.5
1984-04-09,39.5
1984-04-19,39.0
1984-04-29,38.5
1984-05-09,37.0
1984-05-19,39.5
1984-05-29,42.5
1984-06-08,45.5
1984-06-18,42.5
1984-06-28,49.0
1984-07-08,47.0
1984-07-18,49.0
1984-07-28,46.0
1984-08-07,65.5
1984-08-17,46.0
1984-08-27,47.5
1984-09-06,44.5
1984-09-16,47.5
1984-09-26,43.0
1984-10-06,47.5
1984-10-16,41.5
1984-10-26,42.5
1984-11-05,43.0
1984-11-15,41.5
1984-11-25,38.0
1984-12-05,48.0
1984-12-15,57.5
1984-12-25,39.0
1985-01-04,37.0
1985-01-14,36.5
1985-01-24,38.0
1985-02-03,33.5
1985-02-13,33.0
1985-02-23,43.0
1985-03-05,46.5
1985-03-15,42.0
1985-03-25,42.0
1985-04-04,44.5
1985-04-14,46.5
1985-04-24,45.5
1985-05-04,45.5
1985-05-14,47.0
1985-05-24,40.5
1985-06-03,35.5
1985-06-13,47.5
1985-06-23,70.0
1985-07-03,35.0
1985-07-13,43.0
1985-07-23,41.5
1985-08-02,45.5
1985-08-12,52.5
1985-08-22,52.0
1985-09-01,47.0
1985-09-11,70.0
1985-09-21,70.0
1985-10-01,46.0
1985-10-11,47.5
1985-10-21,46.0
1985-10-31,46.5
1985-11-10,33.5
1985-11-20,38.0
1985-11-30,39.5
1985-12-10,33.0
1985-12-20,33.0
1985-12-30,38.5
1986-01-09,33.5
1986-01-19,34.5
1986-01-29,33.0
1986-02-08,30.0
1986-02-18,32.5
1986-02-28,32.5
1986-03-10,35.5
1986-03-20,39.5
1986-03-30,42.5
1986-04-09,47.0
1986-04-19,46.5
1986-04-29,43.0
1986-05-09,53.5
1986-05-19,39.5
1986-05-29,43.0
1986-06-08,41.0
1986-06-18,37.5
1986-06-28,38.5
1986-07-08,39.0
1986-07-18,59.5
1986-07-28,47.0
1986-08-07,46.5
1986-08-17,70.0
1986-08-27,45.0
1986-09-06,50.5
1986-09-16,70.0
1986-09-26,47.0
1986-10-06,39.5
1986-10-16,45.0
1986-10-26,44.0
1986-11-05,45.5
1986-11-15,42.0
1986-11-25,43.0
1986-12-05,38.5
1986-12-15,37.5
1986-12-25,38.0
1987-01-04,35.0
1987-01-14,41.0
1987-01-24,38.0
1987-02-03,34.0
1987-02-13,43.0
1987-02-23,32.0
1987-03-05,35.5
1987-03-15,41.5
1987-03-25,42.5
1987-04-04,37.5
1987-04-14,47.0
1987-04-24,44.5
1987-05-04,45.5
1987-05-14,48.0
1987-05-24,41.5
1987-06-03,45.5
1987-06-13,42.5
1987-06-23,41.5
1987-07-03,38.0
1987-07-13,38.5
1987-07-23,39.0
1987-08-02,42.5
1987-08-12,70.0
1987-08-22,70.0
1987-09-01,45.5
1987-09-11,45.5
1987-09-21,47.5
1987-10-01,47.0
1987-10-11,47.5
1987-10-21,44.5
1987-10-31,39.0
1987-11-10,40.5
1987-11-20,41.5
1987-11-30,40.5
1987-12-10,46.0
1987-12-20,44.0
1987-12-30,38.0
1988-01-09,38.5
1988-01-19,38.0
1988-01-29,34.5
1988-02-08,39.5
1988-02-18,31.5
1988-02-28,37.5
1988-03-09,40.0
1988-03-19,39.5
1988-03-29,43.0
1988-04-08,40.5
1988-04-18,40.0
1988-04-28,42.5
1988-05-08,39.5
1988-05-18,42.5
1988-05-28,39.0
1988-06-07,38.5
1988-06-17,37.5
1988-06-27,39.5
1988-07-07,41.5
1988-07-17,40.5
1988-07-27,47.5
1988-08-06,70.0
1988-08-16,47.5
1988-08-26,46.0
1988-09-05,49.0
1988-09-15,47.0
1988-09-25,70.0
1988-10-05,41.5
1988-10-15,45.5
1988-10-25,39.0
1988-11-04,43.0
1988-11-14,42.5
1988-11-24,37.5
1988-12-04,39.0
1988-12-14,41.0
1988-12-24,39.5
1989-01-03,46.0
1989-01-13,43.0
1989-01-23,39.5
1989-02-02,32.5
1989-02-12,38.0
1989-02-22,70.0
1989-03-04,31.0
1989-03-14,31.0
1989-03-24,39.0
1989-04-03,70.0
1989-04-13,45.0
1989-04-23,38.5
1989-05-03,41.0
1989-05-13,50.0
1989-05-23,39.0
1989-06-02,40.0
1989-06-12,37.5
1989-06-22,70.0
1989-07-02,70.0
1989-07-12,45.0
1989-07-22,46.5
1989-08-01,49.5
1989-08-11,43.0
1989-08-21,46.5
1989-08-31,43.0
1989-09-10,49.0
1989-09-20,40.0
1989-09-30,50.0
1989-10-10,51.5
1989-10-20,46.0
1989-10-30,45.5
1989-11-09,49.5
1989-11-19,42.5
1989-11-29,38.0
1989-12-09,33.5
1989-12-19,37.5
1989-12-29,35.5
1990-01-08,41.0
1990-01-18,41.5
1990-01-28,46.5
1990-02-07,46.0
1990-02-17,57.0
1990-02-27,45.5
1990-03-09,38.0
1990-03-19,34.0
1990-03-29,43.0
1990-04-08,32.0
1990-04-18,43.5
1990-04-28,45.0
1990-05-08,39.5
1990-05-18,40.0
1990-05-28,39.5
1990-06-07,42.5
1990-06-17,46.0
1990-06-27,46.0
1990-07-07,41.0
1990-07-17,40.0
1990-07-27,47.5
1990-08-06,44.5
1990-08-16,40.5
1990-08-26,57.0
1990-09-05,53.5
1990-09-15,43.0
1990-09-25,48.5
1990-10-05,51.5
1990-10-15,47.0
1990-10-25,42.5
1990-11-04,42.5
1990-11-14,49.0
1990-11-24,50.5
1990-12-04,47.0
1990-12-14,38.0
1990-12-24,32.0
1991-01-03,34.5
1991-01-13,33.0
1991-01-23,28.5
1991-02-02,31.0
1991-02-12,36.5
1991-02-22,32.5
1991-03-04,45.0
1991-03-14,46.5
1991-03-24,43.0
1991-04-03,41.5
1991-04-13,42.5
1991-04-23,40.0
1991-05-03,45.0
1991-05-13,40.5
1991-05-23,46.0
1991-06-02,44.0
1991-06-12,44.5
1991-06-22,34.0
1991-07-02,42.5
1991-07-12,45.5
1991-07-22,42.5
1991-08-01,46.0
1991-08-11,70.0
1991-08-21,50.5
1991-08-31,44.0
1991-09-10,44.5
1991-09-20,43.0
1991-09-30,44.5
1991-10-10,49.0
1991-10-20,46.0
1991-10-30,41.5
1991-11-09,42.0
1991-11-19,41.0
1991-11-29,47.0
1991-12-09,47.0
1991-12-19,40.0
1991-12-29,38.5
1992-01-08,35.0
1992-01-18,33.5
1992-01-28,38.0
1992-02-07,27.5
1992-02-17,32.0
1992-02-27,34.0
1992-03-08,37.0
1992-03-18,32.0
1992-03-28,31.5
1992-04-07,35.0
1992-04-17,40.0
1992-04-27,37.5
1992-05-07,70.0
1992-05-17,70.0
1992-05-27,32.0
1992-06-06,39.0
1992-06-16,36.5
1992-06-26,35.5
1992-07-06,54.0
1992-07-16,39.5
1992-07-26,43.0
1992-08-05,44.5
1992-08-15,45.5
1992-08-25,49.5
1992-09-04,49.0
1992-09-14,42.5
1992-09-24,46.5
1992-10-04,52.0
1992-10-14,41.5
1992-10-24,42.5
1992-11-03,49.0
1992-11-13,43.0
1992-11-23,42.5
1992-12-03,43.0
1992-12-13,42.0
1992-12-23,39.5
1993-01-02,69.5
1993-01-12,35.0
1993-01-22,31.5
1993-02-01,33.0
1993-02-11,33.0
1993-02-21,35.0
1993-03-03,38.5
1993-03-13,37.0
1993-03-23,39.0
1993-04-02,38.0
1993-04-12,37.0
1993-04-22,38.0
1993-05-02,38.5
1993-05-12,38.5
1993-05-22,34.0
1993-06-01,37.5
1993-06-11,36.5
1993-06-21,40.5
1993-07-01,48.5
1993-07-11,38.0
1993-07-21,70.0
1993-07-31,70.0
1993-08-10,45.0
1993-08-20,45.0
1993-08-30,38.0
1993-09-09,69.5
1993-09-19,41.5
1993-09-29,44.5
1993-10-09,47.5
1993-10-19,44.5
1993-10-29,45.0
1993-11-08,54.0
1993-11-18,45.5
1993-11-28,41.5
1993-12-08,39.5
1993-12-18,37.0
1993-12-28,38.0
1994-01-07,37.5
1994-01-17,42.5
1994-01-27,33.5
1994-02-06,43.5
1994-02-16,35.5
1994-02-26,33.0
1994-03-08,45.5
1994-03-18,41.5
1994-03-28,37.5
1994-04-07,44.0
1994-04-17,39.5
1994-04-27,38.5
1994-05-07,40.5
1994-05-17,44.5
1994-05-27,43.0
1994-06-06,39.5
1994-06-16,37.5
1994-06-26,46.0
1994-07-06,45.5
1994-07-16,49.5
1994-07-26,46.0
1994-08-05,45.0
1994-08-15,70.0
1994-08-25,48.5
1994-09-04,44.5
1994-09-14,53.5
1994-09-24,47.0
1994-10-04,46.5
1994-10-14,46.0
1994-10-24,47.0
1994-11-03,51.5
1994-11-13,49.0
1994-11-23,38.0
1994-12-03,41.5
1994-12-13,41.0
1994-12-23,37.0
1995-01-02,34.0
1995-01-12,33.5
1995-01-22,31.5
1995-02-01,29.5
1995-02-11,28.0
1995-02-21,27.0
1995-03-03,30.5
1995-03-13,34.5
1995-03-23,37.5
1995-04-02,42.0
1995-04-12,40.5
1995-04-22,48.5
1995-05-02,37.0
1995-05-12,44.0
1995-05-22,42.5
1995-06-01,37.5
1995-06-11,38.5
1995-06-21,33.0
1995-07-01,45.0
1995-07-11,38.5
1995-07-21,46.0
1995-07-31,47.0
1995-08-10,47.5
1995-08-20,38.5
1995-08-30,41.5
1995-09-09,45.0
1995-09-19,40.5
1995-09-29,45.5
1995-10-09,44.5
1995-10-19,47.5
1995-10-29,43.5
1995-11-08,42.5
1995-11-18,39.5
1995-11-28,35.5
1995-12-08,37.0
1995-12-18,37.0
1995-12-28,37.5
1996-01-07,34.0
1996-01-17,38.5
1996-01-27,33.0
1996-02-06,38.0
1996-02-16,51.5
1996-02-26,34.5
1996-03-07,32.0
1996-03-17,41.5
1996-03-27,37.5
1996-04-06,38.0
1996-04-16,37.0
1996-04-26,43.0
1996-05-06,34.0
1996-05-16,33.5
1996-05-26,45.0
1996-06-05,47.5
1996-06-15,38.0
1996-06-25,39.0
1996-07-05,42.0
1996-07-15,70.0
1996-07-25,44.5
1996-08-04,51.0
1996-08-14,51.5
1996-08-24,55.5
1996-09-03,43.0
1996-09-13,50.5
1996-09-23,36.5
1996-10-03,45.5
1996-10-13,46.5
1996-10-23,46.0
1996-11-02,47.0
1996-11-12,38.0
1996-11-22,41.0
1996-12-02,43.0
1996-12-12,47.0
1996-12-22,36.5
1997-01-01,33.5
1997-01-11,33.5
1997-01-21,32.0
1997-01-31,33.5
1997-02-10,35.0
1997-02-20,40.0
1997-03-02,42.5
1997-03-12,32.5
1997-03-22,42.5
1997-04-01,38.0
1997-04-11,38.0
1997-04-21,39.5
1997-05-01,41.5
1997-05-11,35.0
1997-05-21,34.0
1997-05-31,37.5
1997-06-10,38.5
1997-06-20,38.0
1997-06-30,41.0
1997-07-10,44.0
1997-07-20,48.5
1997-07-30,43.0
1997-08-09,70.0
1997-08-19,44.5
1997-08-29,47.5
1997-09-08,47.5
1997-09-18,43.0
1997-09-28,40.5
1997-10-08,39.5
1997-10-18,42.5
1997-10-28,41.0
1997-11-07,43.0
1997-11-17,49.0
1997-11-27,46.5
1997-12-07,40.0
1997-12-17,42.5
1997-12-27,47.0
1998-01-06,33.0
1998-01-16,34.5
1998-01-26,33.5
1998-02-05,33.0
1998-02-15,38.5
1998-02-25,31.5
1998-03-07,33.0
1998-03-17,37.0
1998-03-27,45.5
1998-04-06,44.5
1998-04-16,44.0
1998-04-26,48.5
1998-05-06,48.5
1998-05-16,43.0
1998-05-26,37.0
1998-06-05,47.5
1998-06-15,46.0
1998-06-25,38.0
1998-07-05,45.5
1998-07-15,45.0
1998-07-25,70.0
1998-08-04,46.0
1998-08-14,50.5
1998-08-24,46.0
1998-09-03,46.0
1998-09-13,43.0
1998-09-23,46.0
1998-10-03,49.5
1998-10-13,46.0
1998-10-23,38.5
1998-11-02,43.0
1998-11-12,43.0
1998-11-22,43.0
1998-12-02,43.0
1998-12-12,39.5
1998-12-22,38.0
1999-01-01,36.5
1999-01-11,37.0
1999-01-21,40.0
1999-01-31,41.5
1999-02-10,38.5
1999-02-20,37.5
1999-03-02,40.5
1999-03-12,43.0
1999-03-22,43.0
1999-04-01,47.0
1999-04-11,46.5
1999-04-21,50.0
1999-05-01,44.0
1999-05-11,41.5
1999-05-21,40.0
1999-05-31,45.5
1999-06-10,41.5
1999-06-20,43.0
1999-06-30,70.0
1999-07-10,44.5
1999-07-20,47.0
1999-07-30,45.5
1999-08-09,51.5
1999-08-19,45.0
1999-08-29,46.5
1999-09-08,47.0
1999-09-18,45.0
1999-09-28,46.0
1999-10-08,45.5
1999-10-18,42.5
1999-10-28,43.0
1999-11-07,44.5
1999-11-17,44.5
1999-11-27,42.5
1999-12-07,42.0
1999-12-17,33.0
1999-12-27,40.0
2000-01-06,47.0
2000-01-16,39.5
2000-01-26,34.5
2000-02-05,34.5
2000-02-15,37.0
2000-02-25,36.0
2000-03-06,38.0
2000-03-16,37.5
2000-03-26,44.0
2000-04-05,38.5
2000-04-15,38.5
2000-04-25,37.0
2000-05-05,36.5
2000-05-15,33.5
2000-05-25,40.0
2000-06-04,42.5
2000-06-14,45.0
2000-06-24,70.0
2000-07-04,46.0
2000-07-14,45.5
2000-07-24,46.0
2000-08-03,70.0
2000-08-13,57.5
2000-08-23,53.0
2000-09-02,55.0
2000-09-12,47.5
2000-09-22,70.0
2000-10-02,70.0
2000-10-12,43.0
2000-10-22,45.5
2000-11-01,45.0
2000-11-11,42.0
2000-11-21,41.5
2000-12-01,37.0
2000-12-11,38.5
2000-12-21,38.0
2000-12-31,33.0
2001-01-10,34.0
2001-01-20,33.0
2001-01-30,42.0
2001-02-09,39.0
2001-02-19,36.0
2001-03-01,35.0
2001-03-11,41.5
2001-03-21,27.5
2001-03-31,45.0
2001-04-10,45.5
2001-04-20,42.5
2001-04-30,38.0
2001-05-10,39.0
2001-05-20,39.0
2001-05-30,43.0
2001-06-09,41.5
2001-06-19,37.5
2001-06-29,46.0
2001-07-09,46.0
2001-07-19,70.0
2001-07-29,70.0
2001-08-08,70.0
2001-08-18,48.0
2001-08-28,50.5
2001-09-07,47.5
2001-09-17,47.0
2001-09-27,47.0
2001-10-07,46.5
2001-10-17,48.0
2001-10-27,45.5
2001-11-06,45.0
2001-11-16,38.5
2001-11-26,42.5
2001-12-06,38.5
2001-12-16,38.0
2001-12-26,32.5
2002-01-05,36.5
2002-01-15,47.0
2002-01-25,42.5
2002-02-04,41.5
2002-02-14,36.0
2002-02-24,45.0
2002-03-06,38.5
2002-03-16,37.5
2002-03-26,47.5
2002-04-05,34.0
2002-04-15,47.5
2002-04-25,58.5
2002-05-05,69.0
2002-05-15,36.5
2002-05-25,39.5
2002-06-04,43.0
2002-06-14,38.0
2002-06-24,37.5
2002-07-04,38.0
2002-07-14,41.5
2002-07-24,43.0
2002-08-03,40.5
2002-08-13,69.5
2002-08-23,44.0
2002-09-02,46.5
2002-09-12,45.5
2002-09-22,53.0
2002-10-02,46.5
2002-10-12,43.0
2002-10-22,38.5
2002-11-01,35.5
2002-11-11,43.0
2002-11-21,38.5
2002-12-01,35.0
2002-12-11,38.5
2002-12-21,42.5
2002-12-31,33.5
2003-01-10,33.0
2003-01-20,32.5
2003-01-30,31.0
2003-02-09,38.5
2003-02-19,34.5
2003-03-01,32.5
2003-03-11,34.0
2003-03-21,34.5
2003-03-31,46.5
2003-04-10,46.0
2003-04-20,36.0
2003-04-30,45.5
2003-05-10,46.0
2003-05-20,39.0
2003-05-30,45.5
2003-06-09,45.0
2003-06-19,32.0
2003-06-29,32.5
2003-07-09,70.0
2003-07-19,70.0
2003-07-29,70.0
2003-08-08,43.0
2003-08-18,45.5
2003-08-28,40.5
2003-09-07,44.5
2003-09-17,47.5
2003-09-27,38.5
2003-10-07,43.0
2003-10-17,39.5
2003-10-27,45.5
2003-11-06,48.0
2003-11-16,49.0
2003-11-26,46.5
2003-12-06,38.0
2003-12-16,33.5
2003-12-26,36.5
2004-01-05,31.5
2004-01-15,32.5
2004-01-25,38.5
2004-02-04,36.5
2004-02-14,34.5
2004-02-24,39.5
2004-03-05,43.0
2004-03-15,43.0
2004-03-25,38.5
2004-04-04,39.5
2004-04-14,39.5
2004-04-24,38.5
2004-05-04,42.5
2004-05-14,34.0
2004-05-24,45.5
2004-06-03,43.0
2004-06-13,39.5
2004-06-23,39.5
2004-07-03,70.0
2004-07-13,39.5
2004-07-23,48.0
2004-08-02,48.0
2004-08-12,38.0
2004-08-22,44.0
2004-09-01,47.5
2004-09-11,46.5
2004-09-21,50.5
2004-10-01,48.0
2004-10-11,49.0
2004-10-21,45.0
2004-10-31,51.5
2004-11-10,46.5
2004-11-20,47.0
2004-11-30,42.5
2004-12-10,38.5
2004-12-20,33.0
2004-12-30,32.5
2005-01-09,29.0
2005-01-19,32.0
2005-01-29,32.5
2005-02-08,32.5
2005-02-18,37.5
2005-02-28,38.0
2005-03-10,34.0
2005-03-20,38.0
2005-03-30,40.5
2005-04-09,41.5
2005-04-19,37.0
2005-04-29,34.5
2005-05-09,37.5
2005-05-19,37.5
2005-05-29,41.5
2005-06-08,40.5
2005-06-18,49.5
2005-06-28,42.5
2005-07-08,46.0
2005-07-18,51.5
2005-07-28,43.0
2005-08-07,37.5
2005-08-17,52.5
2005-08-27,49.0
2005-09-06,48.0
2005-09-16,51.5
2005-09-26,47.5
2005-10-06,45.5
2005-10-16,49.0
2005-10-26,45.5
2005-11-05,41.5
2005-11-15,39.0
2005-11-25,32.0
2005-12-05,33.0
2005-12-15,32.0
2005-12-25,34.5
2006-01-04,36.5
2006-01-14,39.0
2006-01-24,38.5
2006-02-03,38.5
2006-02-13,45.0
2006-02-23,51.5
2006-03-05,42.5
2006-03-15,42.5
2006-03-25,38.5
2006-04-04,43.0
2006-04-14,40.0
2006-04-24,41.5
2006-05-04,45.5
2006-05-14,45.5
2006-05-24,70.0
2006-06-03,33.0
2006-06-13,44.5
2006-06-23,66.0
2006-07-03,36.5
2006-07-13,44.5
2006-07-23,46.0
2006-08-02,45.0
2006-08-12,53.5
2006-08-22,53.0
2006-09-01,46.0
2006-09-11,46.0
2006-09-21,47.5
2006-10-01,51.0
2006-10-11,47.5
2006-10-21,49.0
2006-10-31,35.0
2006-11-10,38.0
2006-11-20,43.0
2006-11-30,41.0
2006-12-10,38.0
2006-12-20,35.0
2006-12-30,44.5
2007-01-09,41.0
2007-01-19,33.0
2007-01-29,30.5
2007-02-08,34.5
2007-02-18,43.5
2007-02-28,34.5
2007-03-10,37.5
2007-03-20,36.0
2007-03-30,37.5
2007-04-09,38.0
2007-04-19,41.0
2007-04-29,41.5
2007-05-09,38.0
2007-05-19,37.0
2007-05-29,39.0
2007-06-08,43.5
2007-06-18,45.0
2007-06-28,39.5
2007-07-08,35.5
2007-07-18,43.0
2007-07-28,40.5
2007-08-07,43.0
2007-08-17,44.5
2007-08-27,47.5
2007-09-06,52.0
2007-09-16,49.0
2007-09-26,49.0
2007-10-06,44.5
2007-10-16,43.0
2007-10-26,48.0
2007-11-05,39.5
2007-11-15,39.5
2007-11-25,42.5
2007-12-05,39.5
2007-12-15,42.5
2007-12-25,41.0
2008-01-04,38.0
2008-01-14,31.5
2008-01-24,45.0
2008-02-03,43.0
2008-02-13,36.5
2008-02-23,34.5
2008-03-04,37.5
2008-03-14,45.0
2008-03-24,35.5
2008-04-03,44.5
2008-04-13,49.0
2008-04-23,38.5
2008-05-03,42.0
2008-05-13,39.0
2008-05-23,32.5
2008-06-02,44.5
2008-06-12,43.0
2008-06-22,38.0
2008-07-02,46.0
2008-07-12,46.0
2008-07-22,45.0
2008-08-01,43.5
2008-08-11,45.5
2008-08-21,44.0
2008-08-31,47.5
2008-09-10,47.5
2008-09-20,46.0
2008-09-30,40.0
2008-10-10,47.5
2008-10-20,47.0
2008-10-30,40.0
2008-11-09,42.5
2008-11-19,41.5
2008-11-29,41.5
2008-12-09,46.5
2008-12-19,44.5
2008-12-29,40.5
2009-01-08,32.5
2009-01-18,38.0
2009-01-28,46.0
2009-02-07,40.0
2009-02-17,39.5
2009-02-27,46.0
2009-03-09,44.5
2009-03-19,39.5
2009-03-29,45.5
2009-04-08,44.0
2009-04-18,30.5
2009-04-28,40.0
2009-05-08,38.0
2009-05-18,47.0
2009-05-28,30.5
2009-06-07,31.5
2009-06-17,44.5
2009-06-27,46.0
2009-07-07,40.0
2009-07-17,44.5
2009-07-27,40.5
2009-08-06,45.5
2009-08-16,70.0
2009-08-26,46.0
2009-09-05,43.0
2009-09-15,41.0
2009-09-25,47.0
2009-10-05,40.5
2009-10-15,38.5
2009-10-25,45.5
2009-11-04,49.0
2009-11-14,44.5
2009-11-24,45.5
2009-12-04,33.5
2009-12-14,34.0
2009-12-24,36.5
2010-01-03,32.5
2010-01-13,34.0
2010-01-23,33.5
2010-02-02,33.0
2010-02-12,35.5
2010-02-22,39.5
2010-03-04,42.5
2010-03-14,39.5
2010-03-24,43.0
2010-04-03,44.5
2010-04-13,42.0
2010-04-23,38.5
2010-05-03,38.0
2010-05-13,37.5
2010-05-23,36.5
2010-06-02,34.0
2010-06-12,45.0
2010-06-22,45.5
2010-07-02,44.5
2010-07-12,70.0
2010-07-22,45.5
2010-08-01,51.0
2010-08-11,45.5
2010-08-21,48.0
2010-08-31,47.0
2010-09-10,37.5
2010-09-20,45.0
2010-09-30,42.0
2010-10-10,46.0
2010-10-20,44.5
2010-10-30,43.0
2010-11-09,42.0
2010-11-19,46.0
2010-11-29,45.0
2010-12-09,32.5
2010-12-19,34.5
2010-12-29,37.0
2011-01-08,31.0
2011-01-18,37.0
2011-01-28,33.0
2011-02-07,47.5
2011-02-17,57.5
2011-02-27,37.5
2011-03-09,40.0
2011-03-19,41.5
2011-03-29,45.5
2011-04-08,38.5
2011-04-18,34.5
2011-04-28,40.5
2011-05-08,41.5
2011-05-18,40.5
2011-05-28,43.0
2011-06-07,41.5
2011-06-17,44.0
2011-06-27,45.0
2011-07-07,43.0
2011-07-17,51.5
2011-07-27,46.0
2011-08-06,46.5
2011-08-16,45.5
2011-08-26,50.0
2011-09-05,48.0
2011-09-15,44.5
2011-09-25,46.5
2011-10-05,45.5
2011-10-15,45.0
2011-10-25,50.5
2011-11-04,53.0
2011-11-14,43.0
2011-11-24,44.0
2011-12-04,43.0
2011-12-14,41.0
2011-12-24,38.5
2012-01-03,38.5
2012-01-13,28.0
2012-01-23,37.5
2012-02-02,37.0
2012-02-12,40.0
2012-02-22,44.5
2012-03-03,47.0
2012-03-13,41.5
2012-03-23,41.5
2012-04-02,38.0
2012-04-12,37.0
2012-04-22,46.5
2012-05-02,45.5
2012-05-12,39.0
2012-05-22,40.5
2012-06-01,36.5
2012-06-11,39.5
2012-06-21,46.5
2012-07-01,43.5
2012-07-11,70.0
2012-07-21,47.0
2012-07-31,70.0
2012-08-10,47.0
2012-08-20,56.5
2012-08-30,50.5
2012-09-09,53.0
2012-09-19,39.5
2012-09-29,55.0
2012-10-09,37.5
2012-10-19,39.5
2012-10-29,36.5
2012-11-08,43.5
2012-11-18,43.0
2012-11-28,33.5
2012-12-08,41.0
2012-12-18,38.5
2012-12-28,39.0
2013-01-07,40.5
2013-01-17,37.5
2013-01-27,38.0
2013-02-06,38.0
2013-02-16,41.5
2013-02-26,39.5
2013-03-08,43.0
2013-03-18,39.5
2013-03-28,33.5
2013-04-07,36.5
2013-04-17,39.0
2013-04-27,32.5
2013-05-07,37.5
2013-05-17,38.5
2013-05-27,39.5
2013-06-06,47.0
2013-06-16,40.5
2013-06-26,43.0
2013-07-06,48.5
2013-07-16,70.0
2013-07-26,70.0
2013-08-05,40.5
2013-08-15,43.5
2013-08-25,43.0
2013-09-04,45.0
2013-09-14,46.5
2013-09-24,47.0
2013-10-04,48.5
2013-10-14,49.0
2013-10-24,39.5
2013-11-03,47.0
2013-11-13,32.5
2013-11-23,38.0
2013-12-03,37.0
2013-12-13,34.5
2013-12-23,41.0
2014-01-02,41.5
2014-01-12,33.5
2014-01-22,38.0
2014-02-01,33.5
2014-02-11,42.5
2014-02-21,33.5
2014-03-03,37.5
2014-03-13,41.0
2014-03-23,39.5
2014-04-02,42.5
2014-04-12,40.0
2014-04-22,40.5
2014-05-02,37.0
2014-05-12,70.0
2014-05-22,43.0
2014-06-01,45.5
2014-06-11,45.0
2014-06-21,38.0
2014-07-01,37.5
2014-07-11,70.0
2014-07-21,45.0
2014-07-31,46.0
2014-08-10,46.0
2014-08-20,45.5
2014-08-30,70.0
2014-09-09,40.5
2014-09-19,43.0
2014-09-29,39.0
2014-10-09,43.0
2014-10-19,46.5
2014-10-29,45.0
2014-11-08,38.5
2014-11-18,42.5
2014-11-28,34.5
2014-12-08,37.5
2014-12-18,41.0
2014-12-28,30.5
2015-01-07,34.5
2015-01-17,34.5
2015-01-27,31.0
2015-02-06,30.0
2015-02-16,30.0
2015-02-26,39.0
2015-03-08,38.0
2015-03-18,37.5
2015-03-28,46.5
2015-04-07,45.5
2015-04-17,43.0
2015-04-27,45.5
2015-05-07,39.5
2015-05-17,43.5
2015-05-27,42.5
2015-06-06,43.0
2015-06-16,70.0
2015-06-26,37.0
2015-07-06,43.0
2015-07-16,49.0
2015-07-26,46.0
2015-08-05,69.0
2015-08-15,55.0
2015-08-25,70.0
2015-09-04,49.0
2015-09-14,57.0
2015-09-24,70.0
2015-10-04,42.0
2015-10-14,46.0
2015-10-24,42.5
2015-11-03,49.0
2015-11-13,49.0
2015-11-23,39.0
2015-12-03,38.0
2015-12-13,43.5
2015-12-23,38.0
2016-01-02,34.0
2016-01-12,32.5
2016-01-22,33.5
2016-02-01,38.5
2016-02-11,42.5
2016-02-21,37.5
2016-03-02,38.0
2016-03-12,39.5
2016-03-22,38.5
2016-04-01,38.0
2016-04-11,41.0
2016-04-21,39.5
2016-05-01,42.5
2016-05-11,39.5
2016-05-21,43.0
2016-05-31,41.5
2016-06-10,70.0
2016-06-20,46.0
2016-06-30,46.0
2016-07-10,70.0
2016-07-20,50.0
2016-07-30,47.0
2016-08-09,49.5
2016-08-19,51.5
2016-08-29,44.5
2016-09-08,44.5
2016-09-18,49.5
2016-09-28,41.0
2016-10-08,41.5
2016-10-18,43.0
2016-10-28,41.0
2016-11-07,41.0
2016-11-17,43.0
2016-11-27,44.5
2016-12-07,43.0
2016-12-17,43.0
2016-12-27,57.5
2017-01-06,32.0
2017-01-16,35.5
2017-01-26,34.5
2017-02-05,31.5
2017-02-15,33.5
2017-02-25,29.0
2017-03-07,31.0
2017-03-17,31.5
2017-03-27,34.5
2017-04-06,43.5
2017-04-16,38.0
2017-04-26,43.0
2017-05-06,40.0
2017-05-16,48.5
2017-05-26,38.0
2017-06-05,40.5
2017-06-15,36.5
2017-06-25,38.0
2017-07-05,45.0
2017-07-15,47.0
2017-07-25,70.0
2017-08-04,70.0
2017-08-14,48.5
2017-08-24,45.5
2017-09-03,45.0
2017-09-13,42.5
2017-09-23,45.0
2017-10-03,50.5
2017-10-13,45.0
2017-10-23,48.0
2017-11-02,69.5
2017-11-12,45.5
2017-11-22,45.5
2017-12-02,40.5
2017-12-12,42.0
2017-12-22,34.5
2018-01-01,35.5
2018-01-11,37.5
2018-01-21,34.5
2018-01-31,31.5
2018-02-10,43.0
2018-02-20,51.5
2018-03-02,46.0
2018-03-12,46.0
2018-03-22,46.0
2018-04-01,38.0
2018-04-11,43.0
2018-04-21,48.0
2018-05-01,39.5
2018-05-11,39.5
2018-05-21,44.0
2018-05-31,44.5
2018-06-10,32.5
2018-06-20,39.5
2018-06-30,70.0
2018-07-10,45.5
2018-07-20,46.5
2018-07-30,53.5
2018-08-09,70.0
2018-08-19,48.0
2018-08-29,70.0
2018-09-08,43.0
2018-09-18,49.0
2018-09-28,40.5
2018-10-08,47.0
2018-10-18,41.0
2018-10-28,41.0
2018-11-07,45.5
2018-11-17,41.0
2018-11-27,45.0
2018-12-07,40.0
2018-12-17,41.0
2018-12-27,37.5
2019-01-06,34.5
2019-01-16,37.5
2019-01-26,36.0
2019-02-05,44.5
2019-02-15,45.0
2019-02-25,30.0
2019-03-07,38.5
2019-03-17,38.5
2019-03-27,33.5
2019-04-06,39.5
2019-04-16,39.5
2019-04-26,38.0
2019-05-06,38.5
2019-05-16,42.5
2019-05-26,41.5
2019-06-05,38.0
2019-06-15,44.5
2019-06-25,36.5
2019-07-05,37.5
2019-07-15,70.0
2019-07-25,45.0
2019-08-04,38.0
2019-08-14,37.5
2019-08-24,43.0
2019-09-03,46.0
2019-09-13,45.5
2019-09-23,52.0
2019-10-03,53.0
2019-10-13,47.0
2019-10-23,45.0
2019-11-02,43.0
2019-11-12,41.5
2019-11-22,46.5
2019-12-02,42.5
2019-12-12,43.0
2019-12-22,42.5
2020-01-01,38.5
2020-01-11,41.5
2020-01-21,34.0
2020-01-31,44.5
2020-02-10,41.5
2020-02-20,42.0
2020-03-01,45.5
2020-03-11,69.0
2020-03-21,47.5
2020-03-31,57.5
2020-04-10,31.0
2020-04-20,38.5
2020-04-30,42.5
2020-05-10,38.0
2020-05-20,43.0
2020-05-30,39.5
2020-06-09,40.5
2020-06-19,37.5
2020-06-29,40.0
2020-07-09,38.0
2020-07-19,45.5
2020-07-29,45.0
2020-08-08,45.5
2020-08-18,45.0
2020-08-28,46.5
2020-09-27,43.0
2020-10-07,47.0
2020-10-17,46.5
2020-10-27,44.0
2020-11-06,45.5
2020-11-16,44.5
2020-11-26,41.5
2020-12-06,40.0
2020-12-16,41.5
2020-12-26,39.5
2021-01-05,35.0
2021-01-15,40.0
2021-01-25,45.0
2021-02-04,39.5
2021-02-14,40.0
2021-02-24,46.5
2021-03-06,48.5
2021-03-16,42.5
2021-03-26,51.5
2021-04-05,49.0
2021-04-15,36.0
2021-04-25,38.5
2021-05-05,42.5
2021-05-15,39.0
2021-05-25,38.0
2021-09-22,54.5
2021-10-02,49.0
2021-10-12,48.5
2021-10-22,40.5
2021-11-01,37.5
2021-11-11,46.5
2021-11-21,38.5
2021-12-01,53.0
2021-12-11,44.5
2021-12-21,48.5
2021-12-31,37.0
2022-01-10,34.0
2022-01-20,33.5
2022-01-30,33.0
2022-02-09,31.5
2022-02-19,36.5
2022-03-01,39.5
2022-03-11,38.5
2022-03-21,39.5
2022-03-31,46.5
2022-04-10,42.5
2022-04-20,45.0
2022-04-30,40.0
2022-05-10,37.0
2022-05-20,38.0
2022-05-30,36.5
2022-06-09,38.0
2022-06-19,39.5
2022-06-29,45.5
2022-07-09,47.0
2022-07-19,44.0
2022-07-29,50.5
2022-08-08,45.0
2022-08-18,47.5
2022-08-28,47.0
2022-09-07,52.0
2022-09-17,48.5
2022-09-27,49.0
2022-10-07,70.0
2022-10-17,49.0
2022-10-27,51.5
2022-11-06,43.0
2022-11-16,39.5
2022-11-26,43.0
2022-12-06,43.0
2022-12-16,33.0
2022-12-26,37.0
