,Woollings et al. 2010,Barnes & Polvani 2013,Barnes & Simpson 2017,Grise & Polvani 2017,Zappa et al. 2018,Kerr et al. 2020,Woollings et al. 2010,Barnes & Polvani 2013,Barnes & Simpson 2017,Grise & Polvani 2017,Zappa et al. 2018,Kerr et al. 2020
ERA-5,0.44241399470924375,0.41037211635752885,0.19936543363124454,0.15218434272940706,0.05554922326244663,0.12346276205300702,,,,,,
JRA-55,0.6380465505816277,0.6703567320180798,0.7766555643965003,0.39566049657895797,0.1749329506895063,0.2973916620540026,,,,,,
MERRA-2,0.36817881768742566,0.3818891664088859,0.398936929750473,0.06900175701704647,-0.10020919865108269,0.0004277430460604137,,,,,,
NCEP/DOE II,0.22319899467704624,0.19692500795482892,0.45189972242183896,0.013471090671414086,0.06027089755754736,0.0645647585482925,,,,,,
CMCC-CM2-HR4_r1i1p1f1,0.25917477003524864,0.26693250528970913,0.2576545117570253,0.204899579536016,0.13605547409694368,0.11929489802951687,,,,,,
ACCESS-ESM1-5_r4i1p1f1,0.17651410003863421,0.1762849260546263,0.19260217770195415,0.15318894291094262,0.10843586589060182,0.07370280259929837,,,,,,
HadGEM3-GC31-MM_r1i1p1f3,0.1610547412768083,0.16075497767879346,0.18068318020602914,0.16180446478628105,0.09981580558434384,0.06810119043087988,-0.031235021487792038,-0.025507045316312923,0.01939980334840396,-0.06207573783190412,0.001284780652781837,-0.0020402267229508
HadGEM3-GC31-LL_r1i1p1f3,0.1620130845228236,0.16537482033673956,0.1871133959009022,0.12874868162586986,0.08166534843697631,0.036814764069704166,0.03484125473534883,0.024779762446000282,-0.009972370861037978,-0.009994477696945224,-0.012886081083394663,-0.006875846643952672
KACE-1-0-G_r1i1p1f1,0.1385274124927158,0.14040222063115065,0.13697376203677927,0.10923071613138718,0.04497416400974675,0.04024994260718347,-0.052082482447349907,-0.04931334148188059,-0.015716414836856922,0.018592122964682732,0.006582112638247101,-0.010399788393631483
CNRM-CM6-1_r1i1p1f2,0.12000885721562915,0.12970321105021004,0.13346734158484463,0.12816631865011385,0.0767895369686667,0.07530393366796331,0.02829207773446579,0.030181537684803292,0.023321937123686232,0.051631052295764465,0.0417401134279928,0.028034072341821436
CanESM5_r3i1p2f1,0.12774441946883752,0.13249654753085177,0.11616501698068955,0.11504498877579196,0.06656602150377858,0.060624471854437395,0.0629267633384931,0.061927625959045024,0.0658617242587172,0.05940867660359523,-0.013594417412851738,0.029538950642495808
CanESM5_r6i1p1f1,0.1364913239322481,0.13759066110179086,0.14426629891513662,0.1095933193894335,0.09698912543960161,0.046288578282360604,0.14615572188142778,0.1385000084523442,0.10281965949316675,0.12537680538515628,0.028063322922369054,0.03276488832833906
FGOALS-f3-L_r1i1p1f1,0.11019889395881505,0.10982273407015575,0.15055630050134064,0.11815769709883445,0.08775032315689706,0.07301046356415511,,,,,,
ACCESS-ESM1-5_r25i1p1f1,0.15076759720484695,0.1415468060412587,0.07780439267087096,0.1101643098137911,0.08283447814880443,0.06375932400059539,,,,,,
CanESM5_r2i1p2f1,0.10100638770362515,0.09793604234262285,0.12246411551780056,0.11360701419861949,0.060163011034924614,0.057656263934225356,0.09246666401107938,0.09785466167272325,0.13740287495296805,0.0909519360514782,0.019124265187016442,0.02593822341930116
ACCESS-ESM1-5_r28i1p1f1,0.09218906117734471,0.09198593014371646,0.13342662635782798,0.11216312469167534,0.07966927033504688,0.08142224792348234,,,,,,
MIROC-ES2L_r8i1p1f2,0.17337439230123727,0.16841968465812168,0.020928185404707048,0.10633261249959222,0.03118860162560062,0.019242729930416085,-0.11916247360921002,-0.1107656972643779,-0.03149295312373946,-0.09555327560969647,-0.043124774228677304,-0.011841112095268858
MRI-ESM2-0_r1i1p1f1,0.10833326548580524,0.11287621822245537,0.11024903554859564,0.08682607093657939,0.0607500429648607,0.06035336752479981,0.044725726989866606,0.0497669058273662,-0.04744213077164653,0.03160608791936401,-0.0027745480680727726,-0.012749280023259086
CanESM5_r8i1p2f1,0.06677883779805181,0.06817160615404928,0.20181457719322757,0.0846807736475008,0.06154765861327909,0.05026953099366277,-0.10843213900775658,-0.11360670954100026,-0.015525056300581718,-0.10027586631971887,-0.04636556300898933,-0.013158002422933879
CanESM5_r1i1p2f1,0.08867190183451808,0.0982041678116955,0.1277589402230172,0.11000209698772093,0.07863448210970554,0.046227946583261445,0.1008782119547965,0.09037166276872528,0.1637375296829289,0.09422181978433056,0.07918900065133444,0.06415709955563373
IPSL-CM6A-LR_r5i1p1f1,0.09864740140153572,0.10594284988823492,0.11044896267583716,0.07913676131765074,0.05796969785065971,0.05289308845814893,,,,,,
UKESM1-0-LL_r7i1p1f3,0.09017073743685136,0.0952752754334742,0.15050907946137362,0.08197791694217044,0.03560970533390393,0.02769705163263507,,,,,,
CanESM5_r6i1p2f1,0.10305647237018924,0.09972228560777087,0.06892140861235664,0.11712774117417023,0.10000211741414601,0.08226465379941268,0.07797276405242938,0.08474033011883118,0.1149372757843825,0.08331068944300729,0.02704224361448102,0.03260286951718844
CanESM5_r5i1p1f1,0.10670482038858314,0.1154896944280034,0.08756042149410985,0.07186810028530866,0.04676723328813931,0.03710202726616701,0.06357378400335867,0.05100569348266308,0.06179763475418554,0.11381892674180877,0.028662970323401725,0.025057030530200856
MIROC-ES2L_r3i1p1f2,0.10872614720608159,0.11037781658500465,0.07775683933559796,0.04706661808268942,0.06269419605179982,0.08181951604306854,-0.03539786945340985,-0.03923537048653027,0.09419465628338265,0.03656484036444312,0.06486947853457536,0.06663976220638962
CNRM-CM6-1-HR_r1i1p1f2,0.10670791176897473,0.11690826250050425,0.06976841948637626,0.06411072744465489,0.07028990656955172,0.06658275297727924,,,,,,
ACCESS-ESM1-5_r18i1p1f1,0.10198930660982537,0.10352069845239463,0.07027716162039022,0.10459211640562377,0.045307533612624545,0.017466675693772662,,,,,,
CESM2_r5i1p1f1,0.10949030558947764,0.10532062901458908,0.03928585002552889,0.11530735754063302,0.04221847602662449,0.018354195240731227,,,,,,
CESM2_r3i1p1f1,0.06805999803257844,0.047667296493672545,0.19687244241949767,0.05288134637915563,0.07306670582993183,0.03561667543594932,,,,,,
ACCESS-CM2_r1i1p1f1,0.10857416443766671,0.11664608775523949,0.025761012112262695,0.08871040611777732,0.060984346000981404,0.03893986277499355,0.0340313101289936,0.03649456105210755,-0.029917918089649893,0.011599415571944174,-0.03574013466596892,-0.038594489924850095
CanESM5_r2i1p1f1,0.09100440124267341,0.08684173047111468,0.03576079072654623,0.11791894071493927,0.10574194710273466,0.07355830307549456,0.09700315513864435,0.08331402752425913,0.21921584640798605,0.09777528617176315,0.0788478283665954,0.07025709089352153
IPSL-CM6A-LR_r1i1p1f1,0.0690217841546124,0.07195484513736236,0.08412884500919145,0.06959985291179735,0.05154899341031806,0.04748992848414677,0.007962129077023209,0.013515464778450092,0.040527764154110114,-0.03787315008908561,-0.01622352403674409,-0.012366772352899406
ACCESS-ESM1-5_r33i1p1f1,0.07714100145191607,0.07348523941390564,0.08936858124711232,0.07228378250750835,0.0977745168243773,0.0719206937898991,,,,,,
HadGEM3-GC31-LL_r4i1p1f3,0.08756357877333663,0.08636689312876812,0.061874575988422845,0.06914419305954017,0.07327758641923275,0.05238406352151319,-0.03001313261855618,-0.047848185885628475,-0.09409040763855285,-0.06323175621184285,-0.03182497171213156,-0.024208248841079267
ACCESS-ESM1-5_r19i1p1f1,0.0776750159870991,0.05767206249089098,0.09732439627234746,0.06369601088030663,0.03629193418762772,0.04001091516367155,,,,,,
CanESM5_r7i1p2f1,0.07739952499162267,0.07886771098564352,0.04062587891717118,0.07348327384648921,0.06162156429646149,0.0635215213639923,0.06753523113579164,0.06667841759253998,0.11711995952340078,0.04294009408982804,0.004428250009411517,0.0015903659503584027
MRI-ESM2-0_r4i1p1f1,0.06615207041387364,0.07118986864553327,0.029270568870899183,0.10364406199435953,0.05774869981645246,0.05460164448395282,,,,,,
ACCESS-ESM1-5_r30i1p1f1,0.09960874601034773,0.08762101873609568,-0.00410123014785264,0.07651839550359207,0.039554016613911065,0.05001194757846665,,,,,,
MRI-ESM2-0_r5i1p1f1,0.0772123085308945,0.06598290315536387,0.06417777513090905,0.03652452040906818,0.0471342995424542,0.039946556653629665,,,,,,
ACCESS-ESM1-5_r29i1p1f1,0.05552367410184557,0.04345944102677022,0.12869615892759612,0.030068233885350487,0.03672520729319988,0.03552539402255367,,,,,,
MRI-ESM2-0_r2i1p1f1,0.09026960525435686,0.09374224210823995,-0.017131756830768945,0.07765852268716184,0.03740787772483439,0.04428212848629075,,,,,,
IPSL-CM6A-LR_r4i1p1f1,0.05544067787576033,0.05533414220550393,0.06322626597358393,0.04424978891513537,0.032830420645135736,0.06828781373101932,,,,,,
IPSL-CM6A-LR_r7i1p1f1,0.03850000049174171,0.04164279202474477,0.08529489658975672,0.054466296244951626,0.04802435528302277,0.035983497331588996,,,,,,
GFDL-CM4_r1i1p1f1,0.03406820611088251,0.038589884022259026,0.05728474246231044,0.06780078519223652,0.053695689275802407,0.06362724278331984,-0.13689806805541593,-0.1450895191295323,-0.011027722660970365,-0.06879603077174935,-0.03924802360615611,-0.04897092250255766
ACCESS-ESM1-5_r20i1p1f1,0.06708056320629383,0.062339705465752335,0.11655689662706373,0.025203288609832772,0.01562132072451575,0.013243438543681393,,,,,,
CESM2_r8i1p1f1,0.03427114655677991,0.04259796760016672,0.0715416248515741,0.07073834322418034,0.03295490329576159,0.042548251000256256,,,,,,
CMCC-CM2-SR5_r1i1p1f1,0.030655797797369055,0.04068118391144733,0.1389582591346284,-0.004999766415019784,0.053405554296265846,0.044186611959483264,-0.11405753852277936,-0.1132536655136754,0.026340876238828352,-0.05821331879964083,0.013628027993465595,0.010254695389453799
ACCESS-ESM1-5_r10i1p1f1,0.05479286246203391,0.0593340803729519,0.03803340357353101,0.06642625539766531,0.04209199423390955,0.02839680386357104,,,,,,
UKESM1-0-LL_r3i1p1f2,0.03915949059595034,0.04209315015232317,0.10323405612666059,0.044422512715104875,0.019279425386764172,0.03560669500454251,-0.041047390098288006,-0.010658959148603363,-0.0777213710789491,-0.03666978332555739,-0.02698865618161187,-0.03354053883971043
GISS-E2-1-G_r1i1p1f2,0.04434769839576312,0.03684433977375765,0.06802500076073734,0.05551501008844919,0.0655163391896369,0.04825985624791807,,,,,,
CESM2-FV2_r1i1p1f1,0.05570289005754211,0.050308992616167864,0.04853562735184551,0.03872723738465591,0.08319789803840258,0.07689199341736193,,,,,,
CanESM5_r8i1p1f1,0.0655009766441467,0.05962760500715092,0.07266022562486271,0.02276362544987473,0.03125751773715721,0.03032120926884854,0.02440147696193774,0.01786938469549034,0.06334322242204653,0.050417600648162975,0.03546315941898556,0.03503817190880566
MIROC-ES2L_r2i1p1f2,0.07188289256387943,0.09474110832342796,0.03072394617474719,0.0385884741604549,0.026206991311844983,0.018863072404164134,-0.08348690438024298,-0.065034623332512,-0.0018798153240032105,-0.026291990170900816,0.008733748342282719,0.021174076002188208
BCC-ESM1_r2i1p1f1,0.04001918839668945,0.04000609307334408,0.049532810468839485,0.050789621301389774,0.04786589013153275,0.04884286001766298,,,,,,
CNRM-CM6-1_r8i1p1f2,0.05151465019098307,0.054593962963421866,0.03361709276481504,0.04649875965337262,0.053567952322542224,0.048278120583864555,,,,,,
CanESM5_r4i1p1f1,0.04997420697688916,0.044237681636774134,0.021175838210407617,0.0961923082802945,0.08212911825055393,0.044648456356473444,0.01991555939628167,0.01840496589678435,0.11394634241311459,0.0323580080101797,0.005265934941564963,0.016901249141136825
CanESM5_r4i1p2f1,0.048405129480280376,0.04223228390074643,0.07947557300494168,0.034771757929870604,0.03213990364643064,0.03098864010093674,0.13829673015782348,0.13853875655490613,0.22032668589418664,0.08541087590340771,0.0332470910870518,0.02140501317062944
UKESM1-0-LL_r12i1p1f2,0.05414175833013393,0.044034381247533554,0.03750291304976715,0.05136851004035124,0.04881059715312707,0.024871845018680495,,,,,,
ACCESS-ESM1-5_r40i1p1f1,0.06641520037456122,0.07246748791426535,-0.003464609703861509,0.038275420276278775,0.05876601718510209,0.04750131365413877,,,,,,
ACCESS-ESM1-5_r23i1p1f1,0.011024268340109259,0.0007201581228631559,0.07641300286147548,0.06539120751900959,0.05910042977314712,0.051337060341050594,,,,,,
IPSL-CM6A-LR-INCA_r1i1p1f1,0.01976174384862323,0.01982297285272974,0.04934972832026231,0.06388126061854002,0.028275432265096587,0.054945479522326784,,,,,,
MPI-ESM1-2-HR_r1i1p1f1,0.06218963458371326,0.047838574478748896,0.07518805161044419,0.03828952777437153,0.0024893143210641512,0.009649417583927716,0.08416802618413828,0.09727648742920364,0.09373895951375352,0.08690191786348969,0.040631155115068526,0.04096936743260534
BCC-CSM2-MR_r3i1p1f1,0.031315286407457496,0.030284435124403427,0.08334306494975961,0.03584490566121274,0.024516273936097736,0.026712281274801,,,,,,
IPSL-CM6A-LR_r2i1p1f1,0.04018637385661154,0.03360557531707958,0.05529351568607753,0.03501304667019534,0.03356983365077473,0.03235968488311869,0.000717068269865755,0.011036688891349091,-0.07640833850005449,-0.02003232169749617,-0.015439083111473661,-0.04096568090735849
BCC-CSM2-MR_r2i1p1f1,0.06150858627160642,0.062240400084398816,0.061732146559840585,0.00042919008168681706,0.013412742660982982,0.024642208166513597,,,,,,
EC-Earth3_r1i1p1f1,0.017588307871896802,0.0130494996722539,0.12423035006862168,-0.0020523166495203097,0.04576961910396988,0.024083101090737545,0.015860652791147893,0.018244079167772317,0.12572880656649396,-0.04336307680224175,-0.018472456870096465,0.022723178684563878
UKESM1-0-LL_r4i1p1f2,0.0357976176325992,0.022311411307693017,0.08898083876695849,0.034486604228214215,0.016004792743606014,0.023506684231012664,0.01989903421649061,0.021467424539843964,0.006276296821039933,-0.03834383134424037,-0.027594790347961615,-0.02597945698244124
IPSL-CM6A-LR_r3i1p1f1,0.03891182828157063,0.04637965188969222,0.046239795280549625,0.04989247381097906,0.028063318377816122,-0.00022658917464640196,-0.09939996823851026,-0.104227203691825,-0.035218622684982,-0.0671613550649691,-0.029681419237410894,-0.0032533699209331
HadGEM3-GC31-LL_r3i1p1f3,0.03192825024455974,0.02759985630052401,0.03298214362304758,0.040593588122580265,0.037895750490886726,0.0351981290393655,-0.05206637083423529,-0.051512054498732696,-0.10732003430952718,-0.02796094688498693,-0.02015795848965888,0.003074210889504647
BCC-ESM1_r3i1p1f1,0.0302627698563444,0.0246518799881265,0.07072900037265765,0.0260257283138837,0.03118595118257088,0.022466608120582324,,,,,,
UKESM1-0-LL_r2i1p1f2,0.044879647409639595,0.047230645915665205,0.11669334457285126,0.014893790675113526,0.005391179077288017,-0.03378586905656607,-0.06913580200230642,-0.06585889870752946,-0.03521974718463751,-0.057317496825663346,-0.06853533696707947,-0.00980298220352046
ACCESS-ESM1-5_r32i1p1f1,0.035005873374000754,0.031206537048526942,0.0021215771582423952,0.06086030140915245,0.028953528696576348,0.036721337950798384,,,,,,
ACCESS-ESM1-5_r34i1p1f1,0.06083091978504201,0.05981449228424161,0.028169145174509948,0.029439738245357193,0.0076280362144622174,0.003558904910702826,,,,,,
ACCESS-ESM1-5_r17i1p1f1,0.01586213874068088,0.008960926178702056,0.05496444166033731,0.02620240203823968,0.027457859627126144,0.053010440288923925,,,,,,
ACCESS-ESM1-5_r36i1p1f1,0.028672670469647013,0.03269313646796504,0.0187744692999855,0.06796839610112215,0.024297383546581106,0.011751727914095756,,,,,,
MIROC-ES2L_r1i1p1f2,-0.025989300899407774,-0.025412359671121206,0.11942758073515126,0.01586858440503612,0.06892566589319499,0.07228202699597291,-0.07302025973422721,-0.08555157097701395,-0.023526739776481374,-0.00437109362239106,0.02255764926819014,0.0012187610734910898
CanESM5_r9i1p2f1,0.046308031991784036,0.03795115804418837,0.006710382782387359,0.011429820068299975,0.05092278554780376,0.03352873177085867,-0.026243633063821183,-0.02513811056281902,-0.018542413199751133,0.013033231628663173,-0.0021690274808287115,-0.013417970652359314
INM-CM5-0_r1i1p1f1,0.0459277671592241,0.040774992681235744,0.009440679268724862,0.03698967518665954,0.03087736388061008,0.014009121376610792,-0.03696473369234991,-0.042748774309992424,-0.02990204167114947,-0.05552176250466506,-0.035330925274223546,-0.02595615831327546
MPI-ESM-1-2-HAM_r1i1p1f1,0.027862703308732188,0.03594251925514119,0.04658694167726735,0.02879892006869462,0.025812643472556632,0.0065237903377262174,,,,,,
ACCESS-ESM1-5_r31i1p1f1,0.02238104700445243,0.03326894810424339,0.09699935380489114,0.006443720753171421,0.0019394505997560184,0.009684989399174723,,,,,,
IPSL-CM6A-LR_r9i1p1f1,0.036374528639796684,0.05241680628955741,0.021478430783770756,0.008063140524856847,0.02349903879085369,0.026468435784134034,,,,,,
ACCESS-ESM1-5_r11i1p1f1,0.02422271069783036,0.019039408665720518,0.021226687415768185,0.03164743847750359,0.04848325063992257,0.010135798501391112,,,,,,
ACCESS-ESM1-5_r8i1p1f1,0.023155332610252603,0.023106467405109608,-0.0016359631495848836,0.0280728530585189,0.049198425905113995,0.025107826514646728,,,,,,
ACCESS-ESM1-5_r14i1p1f1,0.008532172689475875,0.012403984364331874,0.07726772605548247,-0.003875303813604225,0.00861879941280353,0.037078703376912096,,,,,,
ACCESS-ESM1-5_r13i1p1f1,0.046520774088569514,0.04925087465527156,0.010080796505510319,0.032335279911853046,0.00750355014905618,-0.00942429074423795,,,,,,
ACCESS-ESM1-5_r22i1p1f1,0.043659621272258295,0.0418601539828,-0.0029849975699440963,0.01783011272472967,0.01238768577512907,0.022760626827018505,,,,,,
ACCESS-ESM1-5_r3i1p1f1,0.040153569852400775,0.03559470893917243,-0.008738925218766073,0.02478809966566772,0.007199783807685378,0.03587810046186809,0.05895362307739329,0.059910585929124974,0.011658592121448149,0.03976927626239438,0.0017273574902208699,-0.018644101125987873
MRI-ESM2-0_r3i1p1f1,0.0038200993247118303,-0.0036014927877107638,0.013497596570813593,0.03009228365996623,0.045409963960869174,0.03794021598109068,,,,,,
UKESM1-0-LL_r17i1p1f2,0.011391581105090741,0.0032184390178818688,0.049545323636065494,0.041316367850990625,0.010397337062515827,0.010052329918741717,,,,,,
UKESM1-0-LL_r8i1p1f2,0.016654960804601406,0.015029692161603677,0.05262364491867323,0.013147613192265045,0.004456591235579997,0.019116316671561787,0.04149388594918617,0.025658967657132433,0.08630040527310123,0.08256423440802164,0.020566723014825365,0.012395861265127709
IPSL-CM5A2-INCA_r1i1p1f1,0.020798304971823858,0.022746937309117816,0.03213583875872256,0.014041711107387986,-0.02227177257297674,0.047841908334699555,,,,,,
CanESM5_r3i1p1f1,0.006945850605375111,0.0015662550822763764,0.028691927729375986,0.0017362379320855262,0.032392150394201735,0.03668239289756598,-0.0012113098634731144,-0.014565732817155992,0.01881702426908354,0.015775707345753176,0.025709639201117306,0.02536806364928413
UKESM1-0-LL_r6i1p1f3,0.0119303771755582,0.01396931108046132,0.02458088468640477,0.025541497085613735,0.020182682582102495,0.010812844638572261,,,,,,
ACCESS-ESM1-5_r15i1p1f1,0.0051321813885979945,0.01744156379900644,0.06511330015896204,-0.01049740259745748,0.012200935235104429,0.014674719400759307,,,,,,
CanESM5_r9i1p1f1,0.03026546263496597,0.0402087741543457,-0.01739283387395525,0.007375359047690148,0.01706558422002488,0.025773292440232045,0.001891060064988549,-0.0035577904046566926,0.04108523137268766,0.018596432101587075,0.014422770832514833,0.00770708585957842
UKESM1-0-LL_r5i1p1f3,0.010417542019597976,0.007751235893610295,0.053321202272115405,-0.007386941721216348,0.027474594059611456,0.011251294987371709,,,,,,
ACCESS-ESM1-5_r24i1p1f1,0.011593544443021558,-0.0009852246271479764,0.06871326986294175,0.011705729408686631,-0.003747819110458785,0.00990385210791653,,,,,,
CNRM-CM6-1_r9i1p1f2,0.01324586991912101,0.008954189655238922,0.008579846694615867,0.03771011823968069,-0.005498149866545238,0.029802496378166385,,,,,,
UKESM1-0-LL_r15i1p1f2,0.02354844024675996,0.021441776359382964,-0.005576765342030251,0.026629112168215105,0.022065886907761012,-0.004465134054953033,0.1394862217216169,0.1321896349304748,0.05247564263215334,0.0941349336300046,0.024463333510906363,0.005064327613179485
CNRM-ESM2-1_r1i1p1f2,0.019470238209168964,0.010724701483967229,0.008542440669085617,0.02240408745529192,0.019751590573336645,0.0005372807765038958,,,,,,
ACCESS-ESM1-5_r1i1p1f1,0.015940206599743066,0.002198611878123141,0.0024646741450593305,0.0067854051942389,0.019173511136353558,0.033791968997531716,,,,,,
CESM2_r9i1p1f1,0.008730186597778971,0.01685631327951461,0.01065146533790795,0.0026912272129263116,0.023382815244321006,0.016856660135878807,,,,,,
IPSL-CM6A-LR_r8i1p1f1,-0.008811800069651834,-0.009102436163020448,0.04877154383040382,-0.006638248698714257,0.02348830998094087,0.02885805842375886,,,,,,
CanESM5_r1i1p1f1,0.01354886189950906,0.008479269594997556,0.04171110635638552,0.004599544867136862,0.005623323986792025,0.002551299734772405,-0.1000331457335972,-0.09827571542890003,-0.12042976442591351,-0.08402979490531752,-0.04017210213566529,-0.026423455456568063
IPSL-CM6A-LR_r6i1p1f1,-1.1044019823777004e-05,0.007475310918383214,-0.026851000459920237,0.02207761504649877,0.023916972225595,0.040270984017487584,,,,,,
CNRM-CM6-1_r4i1p1f2,0.026676176649198954,0.02369394401866963,0.017659263578045366,-0.004620306210537853,-0.0006871019336062118,0.0022090910310525705,-0.04868088182524696,-0.04347490204516975,-0.04974494341117058,-0.03702314660673498,-0.009725797432635816,-0.014939880450428248
CNRM-ESM2-1_r5i1p1f2,0.03799507157378569,0.03067893821913749,0.02597509902865894,0.008128968572139501,-0.012831228222304272,-0.026967722633481447,0.07736341176999026,0.07888395883534631,0.0834747391142661,0.02912771554977569,0.020685107816477012,0.02613714382533306
GISS-E2-1-G_r1i1p1f1,0.01352234802483908,-0.006265246977942339,0.02213666639951545,-0.0016797783617261467,0.01913379392674302,0.01363672152787265,,,,,,
CNRM-ESM2-1_r4i1p1f2,-0.005370956500763962,-0.007545755348350661,0.06318530498996687,0.0013495631691181965,0.006116046508658468,-0.005658669246322255,-0.12360822192892658,-0.12461234679333028,-0.08222895769321682,-0.12810931819865148,-0.0417087862625014,-0.06693507327498412
HadGEM3-GC31-MM_r4i1p1f3,0.039815648035700285,0.03538652938787491,-0.04246682677562417,0.013735249589162953,0.005531357459111995,-0.009981088294300035,0.024770788265894243,0.027855198923678038,-0.012600650789436906,0.07543104727714688,0.06336755472134938,0.02225123400752938
ACCESS-ESM1-5_r7i1p1f1,-0.02682436341345204,-0.028112343844431745,0.023798771893705238,-0.006512379006549613,0.03577093851401871,0.03673486070986024,,,,,,
CNRM-CM6-1_r10i1p1f2,-0.0384593455950344,-0.044477753793756354,0.03799175539848161,0.0282246299294238,0.014991192893549117,0.035313841382149304,,,,,,
ACCESS-ESM1-5_r9i1p1f1,0.00864566903493124,0.020125610337934783,-0.0038995439310237977,-0.01963989241615604,0.010131932462877606,0.017155437327565633,,,,,,
CanESM5_r10i1p1f1,0.00445105385021878,-0.004543527858243761,0.013301041006870221,0.011642459890682806,0.008826241590205283,-0.006309352641326,-0.009319427876207476,-0.00961694312967056,0.02740280596880128,0.0008443317247431208,0.010822430405786737,-0.011227712667428395
CanESM5_r5i1p2f1,-0.014544678083396679,-0.023662686709501005,0.05474517808335171,-0.0071363257791145825,0.015467476935488035,-0.00029065828966766643,0.06358460949387525,0.051369260751410045,0.056527127192466727,0.059948954220384945,0.04892389220438482,0.03275162729526926
NESM3_r1i1p1f1,-0.019292541293432722,-0.021596703000153542,-0.017708601951539758,0.02267930568564127,0.02665949439860194,0.03106701180241516,inf,inf,inf,inf,inf,inf
NorESM2-MM_r1i1p1f1,-0.005466236177845229,-0.009022943746636503,0.012219251328825072,0.026083612501652746,-0.017558843808199377,0.015245000339980419,-0.021520793709630105,-0.01485936578180895,0.12055536261454763,-0.06760293522905977,0.04183530334849489,-0.030647540588301447
ACCESS-ESM1-5_r12i1p1f1,-0.0014156789174096756,-0.009271796032315404,0.017184852602777655,0.004522019360195898,0.023709702320637405,-0.014332329317297842,,,,,,
UKESM1-0-LL_r19i1p1f2,0.0043779764788934895,0.00571498012203203,-0.03326290534375162,0.012470154811950596,0.008751601450028776,0.008499649165850871,,,,,,
ACCESS-ESM1-5_r38i1p1f1,-0.03331588032449025,-0.04432939760038064,0.03528915330141376,0.015252349141202468,0.0025094807367764815,0.027687013021362557,,,,,,
CESM2_r1i1p1f1,0.0015844189309079631,-0.004346237882864571,-0.004128017383488788,-0.0021336607881171834,-0.0019557566579062142,0.011886456379789394,,,,,,
CNRM-ESM2-1_r2i1p1f2,-0.01510235454766522,-0.023071368456216185,-0.013401179985607104,-0.000658465485472728,0.02111114104358042,0.016390433899361817,,,,,,
CESM2-WACCM_r2i1p1f1,-0.03382196687679364,-0.033336659468102325,0.0036640962826494134,-0.009059909413711766,0.010017068312130317,0.04692965222785482,0.008943554297186908,0.027255870248012817,-0.07068976722311798,0.013898345135701876,-0.047029071496965495,-0.022342452492224617
BCC-ESM1_r1i1p1f1,-0.0015483957533760908,-0.008301841224681637,0.007077431413255579,-0.0017627878144463106,-0.006106374915226319,-0.00973540252222547,,,,,,
FGOALS-g3_r1i1p1f1,-0.0035382854284362014,-0.012360633025033489,0.017010959589813742,-0.03288883805602202,0.009175540339188378,0.001626892971986867,0.03932918337408192,0.04510675601105996,0.007891182998505752,0.007798716508070938,0.00033599056522016054,0.004847916688581663
CanESM5_r7i1p1f1,0.004732360559012299,0.009345441347998047,-0.02656527091852443,-0.013627022585375204,0.013284684568745809,-0.008331367527523722,-0.02550218587577193,-0.03692110954157186,0.030032388906653003,-0.009907108288118138,-0.02479979181868416,-0.014559320140093712
AWI-ESM-1-1-LR_r1i1p1f1,0.015520769448727623,-0.005487546750420973,-0.010955681681245477,-0.011488019264971354,0.0034420027762553317,-0.014234643566583645,,,,,,
SAM0-UNICON_r1i1p1f1,-0.035405837673517064,-0.027824630677138654,0.03471388480185679,-0.003283096758495723,-0.0023960118438745128,0.004462172223807082,,,,,,
CNRM-CM6-1_r3i1p1f2,-0.006291945357824406,-0.002099189586935534,-0.034787952382459776,-0.011964633743276479,0.016658402079931203,0.005180918791543782,0.018108344804404958,0.014795825098373868,0.028902763689293627,0.016533324922123477,0.021517983351413923,-0.007849964862869237
UKESM1-0-LL_r11i1p1f2,-0.0034489903799299845,-0.0036997130593768436,-0.006523718200868014,-0.022588817389010897,-0.005129614575586537,0.0007297031684419741,,,,,,
HadGEM3-GC31-LL_r2i1p1f3,-0.039308779086593304,-0.02985509724855178,0.029158874726916383,-0.0041162130083337006,0.005482406249614342,-0.002432498087376812,-0.09131800364319678,-0.08270377060929847,-0.12296426077739202,-0.0823089168632015,-0.08887602901422861,-0.02140270171851651
CNRM-CM6-1_r5i1p1f2,-0.021067098202348835,-0.02563037976943934,-0.012145136769301344,-0.023688891991620237,0.0010773725874896373,0.01975617762356675,-0.06758909676331419,-0.0701803021121252,-0.05981717271585884,-0.042281300611761184,-0.000451245785654429,0.014165258470083488
MIROC-ES2L_r5i1p1f2,-0.03987000805242625,-0.05656028871913787,0.008012060326855908,-0.030436559212835272,0.026063958679715966,0.024864818909033793,-0.02237912127237717,-0.027451433064350318,0.03456209556036513,0.0076671281955797135,-0.016714231924042915,0.019869655266076532
ACCESS-ESM1-5_r37i1p1f1,-0.027916612381935567,-0.024788275330866704,0.005067568654185389,-0.024045274288712268,-0.004768585764495259,0.003699958353906176,,,,,,
EC-Earth3-Veg-LR_r1i1p1f1,-0.014992452882433656,-0.020007392163931766,-0.04460857077122157,-0.010623232963585751,-0.0055857440910235985,0.007739596794248259,0.009918363428272268,-0.0082721240328915,0.06292363238289693,-0.013487514055283072,0.01743312095578533,0.004839935858764575
ACCESS-ESM1-5_r21i1p1f1,-0.014486570378182776,-0.024987802924381304,-0.020987193055137597,-0.008635265795822694,-0.006521217341465291,-0.015090838762073967,,,,,,
EC-Earth3-CC_r1i1p1f1,-0.04499110929332454,-0.034389282947312326,-0.05041986585467055,0.009851248965857403,0.011134113037279536,0.017177512719323156,0.08088149723718531,0.07676403652103918,0.10975059248385699,0.05170865498432861,0.023114475678501282,0.010705536396942054
ACCESS-ESM1-5_r2i1p1f1,-0.03233698582059832,-0.028426244840828917,-0.02994444105190248,-0.027748179699082748,-0.006283700719737438,0.022737327068034035,0.17878931035092144,0.1900988408420795,0.0830803703163432,0.17612680996457725,0.06634070574963073,0.03863398599462089
UKESM1-0-LL_r9i1p1f2,-0.041108720399070514,-0.048477299655842375,-0.07335699735036749,0.009152246761714352,0.018792735778479765,0.02179075409998814,,,,,,
HadGEM3-GC31-MM_r3i1p1f3,-0.028647018489644977,-0.036618371353057455,-0.03559931817181023,-0.00685189556971403,0.001372139826218517,-0.016374235574502904,-0.05938609868809065,-0.06334344778760961,-0.08479804125787907,-0.1028290663155811,-0.04946931221301715,-0.030763554452533245
CNRM-ESM2-1_r3i1p1f2,-0.029704175132442806,-0.0393079727943512,-0.01996134130337781,-0.003091865790398027,-0.01868514556685278,-0.012227526424173765,,,,,,
CNRM-CM6-1_r7i1p1f2,-0.03673384998730343,-0.024860363469009394,-0.05591879684555691,-0.019301570451417626,0.009205594699247694,-0.0003844853261220504,,,,,,
MIROC-ES2L_r6i1p1f2,-0.009353018353670191,-0.02794128995767776,-0.06236372410923399,-0.010912202287299227,-0.03288146074671737,0.015299994506147508,-0.11051805584738053,-0.10282796832441637,-0.06974476332739489,-0.08361360093622175,-0.022989022058947605,-0.009667850919733947
CESM2_r6i1p1f1,-0.026698413059511164,-0.006813069452309003,-0.014479385310983113,-0.013246526550436892,-0.040004209512643205,-0.031158947045395673,,,,,,
UKESM1-0-LL_r16i1p1f2,-0.013213065047329236,-0.023380486102475118,-0.04979937861547561,-0.04730203580212466,-0.014176906243793629,0.0030503940274299608,,,,,,
CNRM-CM6-1_r6i1p1f2,-0.028318418054706643,-0.015471024942768193,-0.02062856574434125,-0.0354252538461159,-0.010273722030013218,-0.03879044403354936,-0.029133771528042165,-0.02646395085549358,-0.022727385955391075,-0.009618930443726161,0.02037711573766447,0.013766032076073619
ACCESS-ESM1-5_r35i1p1f1,-0.025953874235766446,-0.02509851897242166,-0.02010542475341908,-0.0199209692245371,-0.025034422791173006,-0.040763796971777934,,,,,,
INM-CM4-8_r1i1p1f1,-0.025812008394209756,-0.01293606738350269,-0.06423805468276247,-0.033934530968157274,-0.012806471827942766,-0.011381209919798655,0.027925625061945375,0.02986003240313134,0.051477361254247636,0.03240088313043053,0.005660131865364656,0.014534911689824868
MIROC6_r1i1p1f1,-0.03388925235769738,-0.029783359296793075,-0.04255947184176352,-0.0412427421760732,-0.013305484784700344,-0.0022175419065163246,-0.03163631365292866,-0.012241391766673899,-0.05462297943117719,-0.05167481410442737,-0.052647562018478804,-0.02094042003204287
MPI-ESM1-2-LR_r1i1p1f1,-0.09576315775833054,-0.08256961368221223,0.00994518302824234,-0.0321128416300679,0.010195285650039347,0.02461344631033411,-0.12976936595540056,-0.1365329563316346,0.08836491510034201,-0.07685039448242037,0.026683025565456927,0.007007666022965277
UKESM1-0-LL_r18i1p1f2,-0.027410758508720004,-0.034435953365456254,-0.055762425717742696,-0.02503104283553552,0.01262679919394988,-0.036555145939540866,,,,,,
ACCESS-ESM1-5_r39i1p1f1,-0.03759695179227138,-0.0411996818011494,-0.018542138072957386,-0.03163393469083247,-0.01882462415162188,-0.019105354946707256,,,,,,
CNRM-CM6-1_r2i1p1f2,-0.03864746632760624,-0.03980683855208401,-0.021426897391441654,-0.0036200097961744566,-0.037896173760091856,-0.03465984639354723,-0.12218168520200344,-0.10828219059137492,-0.08499245277186933,-0.09140532035009963,-0.026995053557045436,-0.02025647987996799
UKESM1-0-LL_r10i1p1f2,-0.025619441641341542,-0.03159358166950087,-0.05125722575296952,-0.017569139223262687,-0.018281587868124928,-0.03259173139361324,,,,,,
CESM2_r7i1p1f1,-0.0645810299337469,-0.05597131786305356,-0.033522770697906636,-0.044319806554110996,-0.01519597335441088,0.017827269232941097,,,,,,
CESM2-WACCM_r3i1p1f1,-0.03761792991628391,-0.050499400848849026,-0.027083119075476444,-0.060753583897705174,-0.00987313162737721,-0.025597754434139412,-0.06378753658230474,-0.059500448798270954,0.036621834621626666,-0.048474254687351566,-0.0193275110939724,-0.01906449473176165
CESM2_r2i1p1f1,-0.0723680789565396,-0.08834357014543535,0.021433576717607712,-0.05199061871408911,0.0021937048026942343,-0.029153797800941218,,,,,,
HadGEM3-GC31-LL_r5i1p1f3,-0.028572755332760134,-0.035620340534250734,-0.07111471071594867,-0.040229759038956266,-0.01502578956141149,-0.02820911273261142,,,,,,
ACCESS-ESM1-5_r26i1p1f1,-0.05412103987801084,-0.0678528521978043,-0.07032094107950507,-0.054215036184253294,-0.003967396437427928,0.02904190681207969,,,,,,
CESM2-WACCM_r1i1p1f1,-0.08628388658074716,-0.09295968540890036,0.016575008009596593,-0.07133790444854757,0.005008323339412931,0.004422127807782429,0.10508494786040795,0.11678105315243865,0.009778970616713374,0.06987245560116431,0.007177387210183615,-0.030025060222842445
HadGEM3-GC31-MM_r2i1p1f3,-0.046907258681227304,-0.04291748499944125,-0.051074668061185796,-0.05139103896768292,-0.019719090406316444,-0.02315354676681062,-0.0526232007024056,-0.0490228921534864,-0.058756750662523366,0.0045643204342286576,0.03725068309395312,0.0246367713251066
EC-Earth3-AerChem_r1i1p1f1,-0.06831825664565763,-0.07265672782312416,-0.009360593068730192,-0.07309518287881007,-0.007971904192292224,-0.005504186260254353,,,,,,
ACCESS-ESM1-5_r27i1p1f1,-0.029330647150509037,-0.03929033763054151,-0.051835704690806644,-0.05091270351863582,-0.05971310073235161,-0.05099498388210969,,,,,,
UKESM1-0-LL_r1i1p1f2,-0.07176540384168498,-0.08400054751226192,-0.051964442991559105,-0.048697150905154224,-0.02965098065082852,-0.0024392927825927255,-0.004992395737379632,-0.008107649176105564,0.05768428006746262,-0.00920837400123692,0.019335011983695572,-0.01246054410932055
NorESM2-LM_r1i1p1f1,-0.07595806928565477,-0.07571399789769911,-0.021210638636230194,-0.07621280027975456,-0.053531329785684534,-0.05094496161610817,0.03650123590150768,0.037528969637665555,0.16964206218078312,0.0411441588366174,0.04183469111109112,0.05023411142059478
TaiESM1_r1i1p1f1,-0.11527424800182227,-0.09497923872227285,-0.04739158665491208,-0.06611073725986805,-0.02082830240262772,-0.05458810166396198,-0.21715455340264575,-0.1875817988579813,-0.15720937438212873,-0.19912943916089937,-0.10881653558421324,-0.13393943453536003
MIROC-ES2L_r4i1p1f2,-0.0817974729211528,-0.09207226012277021,-0.06284783517022786,-0.10789235851512817,-0.032304182428444655,-0.023022074527861588,-0.02343468437055883,-0.015534358033515223,-0.01371310503485437,0.010202827359484187,0.014476235882545712,0.0025781545782215406
CMCC-ESM2_r1i1p1f1,-0.1431367180584132,-0.14168952939072674,-0.09515074624662169,-0.09159537128359305,-0.0005143822109222787,0.007395907204779133,0.009295020007405893,0.02334485100388112,0.010482567922319037,-0.01217213502904247,0.015358418779576976,-0.019261612725473803
CanESM5_r10i1p2f1,,,,,,,-0.08150830485254605,-0.0885739977159756,-0.023046537716561045,-0.044554725979148495,-0.048835168234424194,-0.03583284301492701
UKESM1-0-LL_r14i1p1f2,,,,,,,-0.046944058510205354,-0.04887720983985697,-0.042090217242658885,-0.017452877660048216,-0.008299005853759985,-0.009941389153999286
MPI-ESM1-2-LR_r8i1p1f1,,,,,,,0.052436316277998454,0.07005605399962668,0.05714531069564838,0.02555722230749608,0.02980128274573358,-0.0051244475671045255
MIROC-ES2L_r10i1p1f2,,,,,,,0.18642258823093738,0.16658257573097782,-0.01461456797888798,0.13008183915555438,-0.0034797404503016803,0.010589890287732584
MPI-ESM1-2-LR_r7i1p1f1,,,,,,,-0.04161319325012281,-0.04282250067079523,0.03126078571521432,-0.028124229715108032,0.02836511719626796,0.025451168936874265
KACE-1-0-G_r2i1p1f1,,,,,,,0.05262792168781222,0.037991510427787034,0.08839865818097203,0.05019220771331712,0.025603920017605353,-0.007403995672394237
KACE-1-0-G_r3i1p1f1,,,,,,,0.05707166609892497,0.05290957270371313,0.09861192022007823,0.043442603947492206,0.004336572061792422,-0.010001339858749835
MIROC6_r3i1p1f1,,,,,,,0.07162181438045262,0.07803924209941054,0.08351362102507566,0.042339336731876835,0.06620203071319032,0.047639932466459076
MPI-ESM1-2-LR_r6i1p1f1,,,,,,,-0.1680286341261837,-0.1842240757875892,0.02397665503183543,-0.11992483388823612,-0.019903408151769986,-0.0054873977136041235
MIROC-ES2L_r9i1p1f2,,,,,,,-0.006303269068415465,-0.00488032753042405,0.03250881878294512,-0.0400640816977745,0.0037184405774836633,0.028031268518001758
MPI-ESM1-2-LR_r5i1p1f1,,,,,,,-0.04703103825129112,-0.02713169741869837,-0.046680069790506526,-0.04242132641861537,-0.034358523074612304,-0.027994168791948448
NESM3_r2i1p1f1,,,,,,,-0.003591782515988129,-0.005296438832774848,0.02280413857826475,-0.049594229994450956,0.00787291975038623,-0.01929891514443227
MPI-ESM1-2-LR_r3i1p1f1,,,,,,,-0.07236039838869013,-0.06090179601992404,-0.048886170339912875,-0.07253038969490286,-0.01212323520920026,-0.027399148689880068
MIROC-ES2L_r7i1p1f2,,,,,,,-0.08234419812502689,-0.08377289719618276,0.04382498640597007,-0.0804870673461639,0.04379904401330811,0.04574430415292719
MPI-ESM1-2-LR_r4i1p1f1,,,,,,,-0.06322119797358748,-0.05964054350172544,0.06851608625959804,-0.03831782969657505,0.029551103208190897,0.031122625777168744
BCC-CSM2-MR_r1i1p1f1,,,,,,,-0.04814373741065922,-0.048674727418431554,0.02300193322239485,-0.003641384425787821,-0.009264335276811187,-0.0025950537436361877
MPI-ESM1-2-LR_r9i1p1f1,,,,,,,-0.09822601326017132,-0.08482637951396324,-0.04690781295564775,-0.03977537676871144,-0.03373056666910314,-0.03503101139741828
EC-Earth3-Veg_r1i1p1f1,,,,,,,0.08671735929884457,0.07333477306462226,0.04956051464295026,0.05748610117244123,,-0.004114808671638584
MIROC6_r2i1p1f1,,,,,,,0.06942699289276263,0.051207994129352966,0.09587697951558469,0.049824340201008815,0.016551397663370437,-0.02211686592019597
AWI-CM-1-1-MR_r1i1p1f1,,,,,,,-0.10061379597264923,-0.11065020388699054,-0.0982031091460144,-0.10392232593517586,0.0009974922933824947,-0.004936464047399723
MPI-ESM1-2-LR_r2i1p1f1,,,,,,,-0.09227202440170024,-0.1007623965177878,-0.011776616881865392,-0.06078935673530031,-0.0172314064178947,-0.00833773889112068
